id;Удой, кг;ЭКЕ (Энергетическая кормовая единица);Сырой протеин, г;СПО (Сахаро-протеиновое соотношение);Порода;Тип пастбища;порода папы_быка;Жирность,%;Белок,%;Вкус молока;Возраст
1;5863;14,2;1743;0,89;Вис Бик Айдиал;Равнинное;Айдиал;3,58;3,076;вкусно;более_2_лет
2;5529;12,8;2138;0,89;Вис Бик Айдиал;Равнинные;Соверин;3,54;3,079;вкусно;менее_2_лет
3;5810;14;1854;0,885;РефлешнСоверинг;Холмистое;Соверин;3,59;3,074;не вкусно;более_2_лет
4;5895;12,4;2012;0,885;РефлешнСоверинг;Холмистое;Айдиал;3,4;3,075;не вкусно;более_2_лет
5;5302;12,8;1675;0,885;Вис Бик Айдиал;Равнинные;Соверин;3,73;3,073;вкусно;менее_2_лет
6;5254;12,7;1806;0,885;РефлешнСоверинг;Холмистое;Соверин;3,13;3,078;вкусно;менее_2_лет
7;5910;13,2;1792;0,885;Вис Бик Айдиал;Равнинные;Соверин;3,48;3,077;вкусно;более_2_лет
8;6179;14,7;1806;0,93;Вис Бик Айдиал;Равнинные;Айдиал;3,55;3,076;вкусно;более_2_лет
9;6783;14,2;1918;0,94;РефлешнСоверинг;Холмистое;Айдиал;3,71;3,077;вкусно;более_2_лет
10;5339;13,4;1791;0,895;Вис Бик Айдиал;Холмистое;Соверин;3,13;3,075;вкусно;менее_2_лет
11;5591;13,7;1678;0,895;РефлешнСоверинг;Холмистое;Айдиал;3,13;3,075;вкусно;менее_2_лет
12;6563;16,5;2328;0,93;Вис Бик Айдиал;Холмистое;Соверин;3,71;3,075;вкусно;более_2_лет
13;6173;15,4;2193;0,93;РефлешнСоверинг;Холмистое;Соверин;3,72;3,075;вкусно;более_2_лет
14;6131;14,5;1766;0,93;РефлешнСоверинг;Равнинные;Айдиал;3,61;3,076;не вкусно;более_2_лет
15;6014;16;1769;0,93;Вис Бик Айдиал;Равнинные;Айдиал;3,71;3,071;не вкусно;более_2_лет
16;6518;15,6;1747;0,93;Вис Бик Айдиал;Равнинные;Айдиалл;3,73;3,076;вкусно;более_2_лет
17;45616;11,5;1675;0,93;Вис Бик Айдиал;Холмистое;Айдиалл;3,22;3,076;вкусно;более_2_лет
18;5777;12,4;1873;0,895;Вис Бик Айдиал;Холмистое;Айдиалл;3,03;3,08;вкусно;более_2_лет
19;6461;15,7;2159;0,93;РефлешнСоверинг;Холмистое;Соверин;3,72;3,073;не вкусно;более_2_лет
20;5698;14,3;1759;0,895;РефлешнСоверинг;Холмистое;Соверин;3,49;3,072;вкусно;более_2_лет
21;6752;15,5;1924;0,93;РефлешнСоверинг;Холмистое;Айдиалл;3,73;3,078;вкусно;более_2_лет
22;6278;14,6;1947;0,93;РефлешнСоверинг;Холмистое;Айдиалл;3,49;3,071;вкусно;более_2_лет
23;6244;15,9;2134;0,93;Вис Бик Айдиал;Равнинные;Соверин;3,73;3,078;вкусно;более_2_лет
24;6320;14,3;1822;0,93;Вис Бик Айдиал;Равнинные;Айдиалл;3,71;3,075;вкусно;более_2_лет
25;5372;13,2;1703;0,895;Вис Бик Айдиал;Равнинные;Айдиалл;3,31;3,078;не вкусно;менее_2_лет
26;6365;15,2;1821;0,93;Вис Бик Айдиал;Равнинные;Айдиалл;3,73;3,074;не вкусно;более_2_лет
27;6051;14,8;1901;0,93;РефлешнСоверинг;Холмистое;Айдиалл;3,72;3,074;вкусно;более_2_лет
28;7028;16,4;2303;0,95;РефлешнСоверинг;Холмистое;Айдиалл;3,7;3,077;вкусно;более_2_лет
29;6159;14,6;2173;0,93;Вис Бик Айдиал;Равнинные;Айдиалл;3,74;3,076;вкусно;более_2_лет
30;6672;16,5;1840;0,93;Вис Бик Айдиал;Холмистое;Айдиалл;3,73;3,076;не вкусно;более_2_лет
31;5242;11,8;1764;0,885;Вис Бик Айдиал;Холмистое;Айдиалл;3,21;3,078;вкусно;менее_2_лет
32;6674;14,4;1994;0,93;РефлешнСоверинг;Холмистое;Айдиалл;3,71;3,073;не вкусно;более_2_лет
33;6930;15,7;1788;0,94;РефлешнСоверинг;Холмистое;Айдиалл;3,72;3,079;вкусно;более_2_лет
34;6837;16,1;2141;0,93;Вис Бик Айдиал;Холмистое;Айдиалл;3,72;3,078;не вкусно;более_2_лет
35;5356;12,9;1734;0,885;Вис Бик Айдиал;Равнинные;Айдиалл;3,11;3,075;не вкусно;менее_2_лет
36;6401;16,4;1768;0,93;РефлешнСоверинг;Холмистое;Айдиалл;3,71;3,073;вкусно;более_2_лет
37;6150;13,8;1702;0,93;Вис Бик Айдиал;Холмистое;Айдиалл;3,11;3,074;вкусно;более_2_лет
38;6016;14,2;2269;0,93;РефлешнСоверинг;Равнинные;Айдиалл;3,72;3,076;не вкусно;более_2_лет
39;5702;13,3;1745;0,895;Вис Бик Айдиал;Равнинные;Айдиалл;3,49;3,075;не вкусно;более_2_лет
40;6303;16,3;1726;0,93;РефлешнСоверинг;Холмистое;Айдиалл;3,7;3,075;вкусно;более_2_лет
41;6400;14,6;1824;0,93;Вис Бик Айдиал;Холмистое;Айдиалл;3,49;3,076;не вкусно;более_2_лет
42;6581;15,5;1797;0,93;Вис Бик Айдиал;Холмистое;Айдиалл;3,71;3,075;вкусно;более_2_лет
43;6033;13,9;1717;0,93;РефлешнСоверинг;Холмистое;Айдиалл;3,72;3,078;не вкусно;более_2_лет
44;5888;14,5;1830;0,885;РефлешнСоверинг;Холмистое;Айдиалл;3,49;3,072;не вкусно;более_2_лет
45;7061;16,4;2041;0,96;Вис Бик Айдиал;Холмистое;Айдиалл;3,72;3,079;вкусно;более_2_лет
46;5796;14,1;1797;0,895;Вис Бик Айдиал;Равнинные;Айдиалл;3,49;3,074;вкусно;более_2_лет
47;7173;16,7;2146;0,95;РефлешнСоверинг;Холмистое;Айдиалл;3,72;3,075;вкусно;более_2_лет
48;6561;15,8;1932;0,93;РефлешнСоверинг;Холмистое;Айдиалл;3,71;3,074;не вкусно;более_2_лет
49;6370;15,5;1974;0,93;РефлешнСоверинг;Холмистое;Айдиалл;3,73;3,076;вкусно;более_2_лет
50;6876;16,2;1930;0,95;РефлешнСоверинг;Холмистое;Айдиалл;3,71;3,079;вкусно;более_2_лет
51;5593;13,4;1675;0,895;Вис Бик Айдиал;Равнинные;Айдиалл;3,25;3,075;вкусно;менее_2_лет
52;6353;14,7;1867;0,93;РефлешнСоверинг;Равнинные;Айдиалл;3,72;3,073;не вкусно;более_2_лет
53;5517;12,2;1905;0,895;Вис Бик Айдиал;Равнинные;Айдиалл;3,34;3,079;не вкусно;менее_2_лет
54;5378;14,9;1784;0,895;Вис Бик Айдиал;Холмистое;Айдиалл;3,24;3,078;вкусно;менее_2_лет
55;5383;13,6;1955;0,895;РефлешнСоверинг;Холмистое;Айдиалл;3,53;3,08;не вкусно;менее_2_лет
56;5492;12,5;1816;0,895;РефлешнСоверинг;Холмистое;Айдиалл;3,53;3,076;вкусно;менее_2_лет
57;5643;13,4;2041;0,895;РефлешнСоверинг;Холмистое;Айдиалл;3,53;3,077;вкусно;более_2_лет
58;6601;15,7;2097;0,93;Вис Бик Айдиал;Холмистое;Айдиалл;3,73;3,081;вкусно;более_2_лет
59;6274;14,8;2264;0,93;Вис Бик Айдиал;Холмистое;Айдиалл;3,53;3,081;вкусно;более_2_лет
60;6697;16,5;1769;0,93;РефлешнСоверинг;Холмистое;Айдиалл;3,71;3,077;не вкусно;более_2_лет
61;6924;16,4;2121;0,95;РефлешнСоверинг;Холмистое;Айдиалл;3,72;3,075;вкусно;более_2_лет
62;5639;11,8;1664;0,895;РефлешнСоверинг;Холмистое;Айдиалл;3,16;3,071;вкусно;более_2_лет
63;6564;16,3;1991;0,93;Вис Бик Айдиал;Холмистое;Айдиалл;3,71;3,075;не вкусно;более_2_лет
64;6073;14;2122;0,93;РефлешнСоверинг;Холмистое;Айдиалл;3,53;3,079;вкусно;более_2_лет
65;6559;16,3;2058;0,93;РефлешнСоверинг;Холмистое;Айдиалл;3,72;3,077;вкусно;более_2_лет
66;6163;15,2;1999;0,93;Вис Бик Айдиал;Холмистое;Айдиалл;3,72;3,079;не вкусно;более_2_лет
67;6006;14,6;2327;0,93;РефлешнСоверинг;Холмистое;Айдиалл;3,71;3,077;вкусно;более_2_лет
68;5940;14,2;2100;0,885;РефлешнСоверинг;Холмистое;Айдиалл;3,53;3,076;вкусно;более_2_лет
69;6179;15,2;2122;0,93;Вис Бик Айдиал;Холмистое;Айдиалл;3,48;3,08;не вкусно;более_2_лет
70;5565;12,5;1894;0,895;Вис Бик Айдиал;Равнинные;Айдиалл;3,61;3,079;вкусно;менее_2_лет
71;7222;16,8;2157;0,95;Вис Бик Айдиал;Холмистое;Айдиалл;3,7;3,076;вкусно;более_2_лет
72;5809;13,5;2093;0,895;РефлешнСоверинг;Равнинные;Айдиалл;3,61;3,079;не вкусно;более_2_лет
73;5718;13,7;2212;0,895;РефлешнСоверинг;Холмистое;Айдиалл;3,61;3,077;вкусно;более_2_лет
74;5381;12,9;1804;0,895;РефлешнСоверинг;Равнинные;Айдиалл;3,61;3,074;не вкусно;менее_2_лет
75;6173;13,9;1703;0,93;РефлешнСоверинг;Холмистое;Айдиалл;3,48;3,074;не вкусно;более_2_лет
76;5281;12,8;1769;0,885;РефлешнСоверинг;Холмистое;Айдиалл;3,48;3,072;вкусно;менее_2_лет
77;6865;14,9;2189;0,93;Вис Бик Айдиал;Равнинные;Айдиалл;3,71;3,071;не вкусно;более_2_лет
78;5871;14,7;1795;0,895;Вис Бик Айдиал;Равнинные;Айдиалл;3,61;3,082;вкусно;более_2_лет
79;6037;14,4;2106;0,93;РефлешнСоверинг;Холмистое;Айдиалл;3,73;3,078;вкусно;более_2_лет
80;5813;12,8;1888;0,895;Вис Бик Айдиал;Равнинное;Айдиалл;3,61;3,079;вкусно;более_2_лет
81;5640;14,9;1849;0,895;Вис Бик Айдиал;Равнинное;Айдиалл;3,48;3,073;не вкусно;более_2_лет
82;6618;15,9;2285;0,93;Вис Бик Айдиал;Холмистое;Айдиалл;3,72;3,074;вкусно;более_2_лет
83;6474;15,7;1838;0,93;Вис Бик Айдиал;Равнинное;Айдиалл;3,72;3,077;не вкусно;более_2_лет
84;6240;14,9;1790;0,93;Вис Бик Айдиал;Холмистое;Айдиалл;3,26;3,075;вкусно;более_2_лет
85;6686;16,7;2018;0,93;Вис Бик Айдиал;Холмистое;Айдиалл;3,72;3,07;вкусно;более_2_лет
86;6398;15,9;1750;0,93;Вис Бик Айдиал;Равнинное;Айдиалл;3,73;3,079;вкусно;более_2_лет
87;5564;13,4;1883;0,885;Вис Бик Айдиал;Холмистое;Айдиалл;3,61;3,079;вкусно;менее_2_лет
88;6153;14;1909;0,93;Вис Бик Айдиал;Холмистое;Айдиалл;3,61;3,076;не вкусно;более_2_лет
89;5533;14,6;1703;0,895;Вис Бик Айдиал;Равнинное;Айдиалл;3,57;3,081;не вкусно;менее_2_лет
90;5776;13,9;1778;0,885;Вис Бик Айдиал;Холмистое;Айдиалл;3,57;3,074;не вкусно;более_2_лет
91;6572;15,7;1800;0,93;Вис Бик Айдиал;Равнинное;Айдиалл;3,73;3,078;вкусно;более_2_лет
92;6036;16,2;2178;0,93;Вис Бик Айдиал;Холмистое;Айдиалл;3,71;3,073;вкусно;более_2_лет
93;5931;15,6;1783;0,895;Вис Бик Айдиал;Холмистое;Айдиалл;3,57;3,073;вкусно;более_2_лет
94;6372;14,1;1984;0,93;Вис Бик Айдиал;Равнинное;Айдиалл;3,72;3,076;не вкусно;более_2_лет
95;6403;14,3;1721;0,93;Вис Бик Айдиал;Равнинное;Айдиалл;3,73;3,074;вкусно;более_2_лет
96;6976;16,4;2263;0,95;Вис Бик Айдиал;Холмистое;Айдиалл;3,71;3,078;вкусно;более_2_лет
97;6267;15,2;2088;0,93;Вис Бик Айдиал;Холмистое;Соверин;3,71;3,073;вкусно;более_2_лет
98;6262;15,1;1985;0,93;Вис Бик Айдиал;Равнинное;Соверин;3,25;3,075;не вкусно;более_2_лет
99;5639;14,7;1727;0,885;Вис Бик Айдиал;Равнинное;Айдиал;3,26;3,071;не вкусно;более_2_лет
100;6059;15,2;2132;0,93;Вис Бик Айдиал;Равнинное;Соверин;3,73;3,077;не вкусно;более_2_лет
101;6724;15,1;1821;0,95;Вис Бик Айдиал;Холмистое;Айдиал;3,72;3,077;не вкусно;более_2_лет
102;6013;15,7;1755;0,93;Вис Бик Айдиал;Холмистое;Соверин;3,71;3,074;вкусно;более_2_лет
103;6248;15,9;2196;0,93;Вис Бик Айдиал;Равнинное;Соверин;3,71;3,072;не вкусно;более_2_лет
104;5591;12,7;1767;0,885;Вис Бик Айдиал;Равнинное;Айдиал;3,26;3,075;не вкусно;менее_2_лет
105;5700;14,4;1934;0,885;Вис Бик Айдиал;Равнинное;Соверин;3,57;3,079;вкусно;более_2_лет
106;6750;15,5;1958;0,95;Вис Бик Айдиал;Холмистое;Айдиал;3,71;3,073;вкусно;более_2_лет
107;5417;13,2;1848;0,89;Вис Бик Айдиал;Холмистое;Соверин;3,57;3,076;вкусно;менее_2_лет
108;6392;14,9;1742;0,93;Вис Бик Айдиал;Равнинное;Айдиал;3,72;3,073;вкусно;более_2_лет
109;5617;13,5;1923;0,89;Вис Бик Айдиал;Равнинное;Айдиал;3,26;3,073;не вкусно;более_2_лет
110;6414;13,9;1808;0,93;Вис Бик Айдиал;Равнинное;Айдиал;3,73;3,078;вкусно;более_2_лет
111;6763;16,3;2246;0,93;Вис Бик Айдиал;Равнинное;Айдиал;3,72;3,074;вкусно;более_2_лет
112;6862;15,6;2208;0,94;Вис Бик Айдиал;Холмистое;Айдиал;3,71;3,076;вкусно;более_2_лет
113;6345;15,8;1715;0,93;Вис Бик Айдиал;Холмистое;Соверин;3,73;3,078;вкусно;более_2_лет
114;5601;13,3;1888;0,89;Вис Бик Айдиал;Холмистое;Соверин;3,57;3,078;вкусно;более_2_лет
115;5412;12,1;1924;0,89;Вис Бик Айдиал;Равнинное;Соверин;3,57;3,071;не вкусно;менее_2_лет
116;6576;16,2;1818;0,93;Вис Бик Айдиал;Равнинное;Айдиал;3,7;3,073;вкусно;более_2_лет
117;5442;13,4;1742;0,89;Вис Бик Айдиал;Равнинное;Соверин;3,58;3,074;не вкусно;менее_2_лет
118;5895;14,1;1800;0,89;Вис Бик Айдиал;Холмистое;Соверин;3,58;3,076;не вкусно;более_2_лет
119;5998;14,2;1873;0,89;Вис Бик Айдиал;Равнинное;Соверин;3,72;3,074;вкусно;более_2_лет
120;5882;14,6;1812;0,89;Вис Бик Айдиал;Холмистое;Соверин;3,58;3,076;вкусно;более_2_лет
121;5784;11,8;1664;0,89;Вис Бик Айдиал;Равнинное;Соверин;3,44;3,073;не вкусно;более_2_лет
122;6350;15,7;1914;0,93;Вис Бик Айдиал;Равнинное;Соверин;3,73;3,075;не вкусно;более_2_лет
123;6109;15,8;2067;0,93;Вис Бик Айдиал;Холмистое;Айдиал;3,58;3,08;вкусно;более_2_лет
124;6605;14,7;1820;0,94;Вис Бик Айдиал;Равнинное;Айдиал;3,72;3,073;вкусно;более_2_лет
125;6209;14,4;2126;0,94;Вис Бик Айдиал;Холмистое;Соверин;3,72;3,074;вкусно;более_2_лет
126;6232;15,8;1879;0,95;Вис Бик Айдиал;Равнинное;Соверин;3,73;3,074;не вкусно;более_2_лет
127;6572;16,6;2081;0,95;Вис Бик Айдиал;Равнинное;Соверин;3,72;3,078;не вкусно;более_2_лет
128;6623;15,5;2108;0,94;Вис Бик Айдиал;Холмистое;Соверин;3,73;3,078;вкусно;более_2_лет
129;6463;16,1;2095;0,95;Вис Бик Айдиал;Равнинное;Соверин;3,73;3,078;вкусно;более_2_лет
130;5692;12,7;1912;0,85;Вис Бик Айдиал;Равнинное;Соверин;3,44;3,074;не вкусно;более_2_лет
131;6607;15,3;2172;0,95;Вис Бик Айдиал;Холмистое;Соверин;3,73;3,075;вкусно;более_2_лет
132;5906;14,7;1720;0,89;Вис Бик Айдиал;Равнинное;Соверин;3,58;3,074;вкусно;более_2_лет
133;6267;13,9;2246;0,94;Вис Бик Айдиал;Холмистое;Соверин;3,73;3,075;вкусно;более_2_лет
134;6730;16,5;1987;0,95;Вис Бик Айдиал;Равнинное;Айдиал;3,72;3,075;не вкусно;более_2_лет
135;6162;15,7;1987;0,94;Вис Бик Айдиал;Холмистое;Соверин;3,73;3,074;вкусно;более_2_лет
136;7207;16,6;2343;0,94;Вис Бик Айдиал;Холмистое;Айдиал;3,72;3,078;вкусно;более_2_лет
137;6081;14,7;2238;0,94;Вис Бик Айдиал;Холмистое;Айдиал;3,58;3,078;вкусно;более_2_лет
138;6707;14,6;2184;0,93;Вис Бик Айдиал;Холмистое;Айдиал;3,72;3,079;не вкусно;более_2_лет
139;6454;16,3;1875;0,95;Вис Бик Айдиал;Холмистое;Соверин;3,72;3,079;вкусно;более_2_лет
140;5833;14,1;1977;0,89;Вис Бик Айдиал;Равнинное;Айдиал;3,58;3,078;вкусно;более_2_лет
141;5397;13,1;1666;0,85;Вис Бик Айдиал;Холмистое;Соверин;3,58;3,075;вкусно;менее_2_лет
142;6502;16,1;1791;0,94;Вис Бик Айдиал;Равнинное;Соверин;3,74;3,078;не вкусно;более_2_лет
143;6553;15,1;2182;0,95;Вис Бик Айдиал;Равнинное;Айдиал;3,73;3,08;не вкусно;более_2_лет
144;5976;13,7;1795;0,89;Вис Бик Айдиал;Равнинное;Соверин;3,58;3,076;не вкусно;более_2_лет
145;6373;14,2;1958;0,93;Вис Бик Айдиал;Холмистое;Айдиал;3,58;3,078;не вкусно;более_2_лет
146;5263;12,3;1960;0,85;Вис Бик Айдиал;Равнинное;Соверин;3,44;3,072;не вкусно;менее_2_лет
147;5340;13,8;1861;0,84;Вис Бик Айдиал;Равнинное;Айдиал;3,38;3,078;не вкусно;менее_2_лет
148;5672;12,3;1815;0,84;Вис Бик Айдиал;Холмистое;Соверин;3,18;3,073;вкусно;более_2_лет
149;6075;15,2;1864;0,94;Вис Бик Айдиал;Холмистое;Соверин;3,71;3,075;вкусно;более_2_лет
150;5675;14,1;1814;0,89;Вис Бик Айдиал;Равнинное;Соверин;3,59;3,077;вкусно;более_2_лет
151;6221;14,7;2156;0,93;Вис Бик Айдиал;Равнинное;Соверин;3,72;3,074;не вкусно;более_2_лет
152;5894;14,8;2097;0,89;Вис Бик Айдиал;Холмистое;Соверин;3,59;3,079;вкусно;более_2_лет
153;5778;13,3;2216;0,89;Вис Бик Айдиал;Равнинное;Соверин;3,59;3,079;вкусно;более_2_лет
154;6288;15,6;1981;0,94;Вис Бик Айдиал;Равнинное;Соверин;3,71;3,076;вкусно;более_2_лет
155;6763;14,6;2126;0,93;Вис Бик Айдиал;Холмистое;Айдиал;3,72;3,075;не вкусно;более_2_лет
156;5421;13,2;2138;0,86;Вис Бик Айдиал;Равнинное;Соверин;3,59;3,073;не вкусно;менее_2_лет
157;5714;11,8;1849;0,86;Вис Бик Айдиал;Холмистое;Айдиал;3,44;3,08;вкусно;более_2_лет
158;5415;12,8;1911;0,86;Вис Бик Айдиал;Холмистое;Соверин;3,59;3,075;вкусно;менее_2_лет
159;5955;14,6;1762;0,89;Вис Бик Айдиал;Равнинное;Айдиал;3,59;3,077;вкусно;более_2_лет
160;6262;14,4;1666;0,93;Вис Бик Айдиал;Равнинное;Айдиал;3,59;3,075;вкусно;более_2_лет
161;5766;14,1;1869;0,89;Вис Бик Айдиал;Равнинное;Соверин;3,59;3,077;не вкусно;более_2_лет
162;6296;14;2188;0,94;Вис Бик Айдиал;Холмистое;Айдиал;3,59;3,08;вкусно;более_2_лет
163;5992;13,1;1676;0,86;Вис Бик Айдиал;Холмистое;Айдиал;3,59;3,072;вкусно;более_2_лет
164;5566;12,1;1802;0,88;Вис Бик Айдиал;Равнинное;Соверин;3,59;3,077;не вкусно;менее_2_лет
165;5763;13,6;1766;0,89;Вис Бик Айдиал;Равнинное;Соверин;3,61;3,071;вкусно;более_2_лет
166;5865;12,3;1691;0,86;Вис Бик Айдиал;Холмистое;Соверин;3,42;3,076;вкусно;более_2_лет
167;6672;16,7;1952;0,94;Вис Бик Айдиал;Холмистое;Соверин;3,71;3,072;вкусно;более_2_лет
168;6399;15,3;2086;0,93;Вис Бик Айдиал;Холмистое;Айдиал;3,61;3,078;не вкусно;более_2_лет
169;5869;12,9;1804;0,86;Вис Бик Айдиал;Холмистое;Айдиал;3,42;3,077;не вкусно;более_2_лет
170;5956;13,2;2062;0,89;Вис Бик Айдиал;Равнинное;Айдиал;3,61;3,077;не вкусно;более_2_лет
171;5848;16,1;1661;0,89;Вис Бик Айдиал;Холмистое;Соверин;3,61;3,076;вкусно;более_2_лет
172;6441;14,1;2109;0,94;Вис Бик Айдиал;Равнинное;Айдиал;3,73;3,08;вкусно;более_2_лет
173;5441;12,4;1710;0,86;Вис Бик Айдиал;Равнинное;Соверин;3,61;3,074;не вкусно;менее_2_лет
174;5342;13,7;1994;0,86;Вис Бик Айдиал;Холмистое;Соверин;3,42;3,074;вкусно;менее_2_лет
175;7043;15,7;2041;0,94;Вис Бик Айдиал;Холмистое;Айдиал;3,71;3,074;вкусно;более_2_лет
176;6245;14,2;1846;0,93;Вис Бик Айдиал;Холмистое;Айдиал;3,61;3,078;не вкусно;более_2_лет
177;7141;16,5;2082;0,94;Вис Бик Айдиал;Холмистое;Айдиал;3,71;3,075;вкусно;более_2_лет
178;6800;15,3;1824;0,94;Вис Бик Айдиал;Холмистое;Айдиал;3,71;3,074;вкусно;более_2_лет
179;5716;13,6;1986;0,89;Вис Бик Айдиал;Холмистое;Соверин;3,61;3,081;вкусно;более_2_лет
180;6478;15,4;1799;0,94;Вис Бик Айдиал;Равнинное;Айдиал;3,71;3,077;вкусно;более_2_лет
181;5367;13,1;1720;0,86;Вис Бик Айдиал;Равнинное;Соверин;3,42;3,072;не вкусно;менее_2_лет
182;6502;16,5;2324;0,95;Вис Бик Айдиал;Равнинное;Соверин;3,74;3,079;не вкусно;более_2_лет
183;5456;13,8;1798;0,86;Вис Бик Айдиал;Равнинное;Соверин;3,61;3,071;не вкусно;менее_2_лет
184;6106;14,2;1706;0,94;Вис Бик Айдиал;Холмистое;Соверин;3,73;3,074;вкусно;более_2_лет
185;6112;15,8;1833;0,94;Вис Бик Айдиал;Равнинное;Соверин;3,71;3,077;вкусно;более_2_лет
186;6063;14,9;1843;0,94;Вис Бик Айдиал;Равнинное;Айдиал;3,61;3,076;не вкусно;более_2_лет
187;6186;14,7;1817;0,94;Вис Бик Айдиал;Холмистое;Айдиал;3,61;3,077;вкусно;более_2_лет
188;6513;14,9;1813;0,93;Вис Бик Айдиал;Холмистое;Айдиал;3,62;3,075;не вкусно;более_2_лет
189;6501;15,6;2233;0,94;Вис Бик Айдиал;Равнинное;Соверин;3,71;3,074;не вкусно;более_2_лет
190;6524;16,2;1880;0,94;Вис Бик Айдиал;Холмистое;Соверин;3,73;3,076;вкусно;более_2_лет
191;6420;16,6;1966;0,96;Вис Бик Айдиал;Равнинное;Соверин;3,73;3,077;вкусно;более_2_лет
192;5901;13,1;2137;0,89;Вис Бик Айдиал;Равнинное;Соверин;3,62;3,075;не вкусно;более_2_лет
193;6406;16,4;1812;0,94;Вис Бик Айдиал;Равнинное;Соверин;3,72;3,072;вкусно;более_2_лет
194;5570;12,7;1875;0,86;Вис Бик Айдиал;Равнинное;Айдиал;3,42;3,078;не вкусно;менее_2_лет
195;7113;15,5;2074;0,94;Вис Бик Айдиал;Холмистое;Айдиал;3,72;3,072;вкусно;более_2_лет
196;5891;13,7;1856;0,89;Вис Бик Айдиал;Холмистое;Соверин;3,62;3,076;вкусно;более_2_лет
197;6366;14,6;2125;0,93;Вис Бик Айдиал;Холмистое;Айдиал;3,62;3,077;не вкусно;более_2_лет
198;6343;14,4;2063;0,94;Вис Бик Айдиал;Холмистое;Айдиал;3,62;3,079;вкусно;более_2_лет
199;6418;15,4;1998;0,94;Вис Бик Айдиал;Холмистое;Соверин;3,73;3,08;вкусно;более_2_лет
200;6238;15,2;1876;0,93;Вис Бик Айдиал;Холмистое;Айдиал;3,62;3,076;не вкусно;более_2_лет
201;5443;13,2;2130;0,86;Вис Бик Айдиал;Равнинное;Соверин;3,62;3,076;не вкусно;менее_2_лет
202;6473;16,5;2033;0,95;Вис Бик Айдиал;Холмистое;Соверин;3,73;3,078;вкусно;более_2_лет
203;6112;16,4;1871;0,94;Вис Бик Айдиал;Равнинное;Соверин;3,72;3,079;вкусно;более_2_лет
204;7001;15,8;1960;0,94;Вис Бик Айдиал;Холмистое;Айдиал;3,73;3,071;вкусно;более_2_лет
205;6038;14,7;1894;0,95;Вис Бик Айдиал;Равнинное;Соверин;3,75;3,081;вкусно;более_2_лет
206;6550;14,6;2263;0,94;Вис Бик Айдиал;Равнинное;Айдиал;3,74;3,079;вкусно;более_2_лет
207;5913;13,2;1972;0,88;Вис Бик Айдиал;Холмистое;Соверин;3,62;3,077;не вкусно;более_2_лет
208;5845;14,8;1763;0,9;Вис Бик Айдиал;Равнинное;Соверин;3,62;3,073;не вкусно;более_2_лет
209;6164;16,1;2229;0,94;Вис Бик Айдиал;Равнинное;Соверин;3,74;3,076;вкусно;более_2_лет
210;5941;13,8;1685;0,84;Вис Бик Айдиал;Равнинное;Соверин;3,41;3,076;не вкусно;более_2_лет
211;6723;16,4;1894;0,94;Вис Бик Айдиал;Равнинное;Айдиал;3,72;3,074;вкусно;более_2_лет
212;5415;11,9;1711;0,86;Вис Бик Айдиал;Равнинное;Айдиал;3,42;3,073;не вкусно;менее_2_лет
213;5637;12,3;2087;0,86;Вис Бик Айдиал;Холмистое;Айдиал;3,42;3,08;вкусно;более_2_лет
214;6081;13,6;1816;0,93;Вис Бик Айдиал;Равнинное;Соверин;3,72;3,074;не вкусно;более_2_лет
215;5604;13,3;1731;0,88;Вис Бик Айдиал;Равнинное;Соверин;3,62;3,074;не вкусно;более_2_лет
216;5795;12,7;1687;0,86;Вис Бик Айдиал;Холмистое;Айдиал;3,42;3,076;не вкусно;более_2_лет
217;6704;14,2;1800;0,93;Вис Бик Айдиал;Холмистое;Айдиал;3,71;3,072;не вкусно;более_2_лет
218;6559;14,7;1796;0,93;Вис Бик Айдиал;Холмистое;Айдиал;3,71;3,073;не вкусно;более_2_лет
219;6456;16,5;1687;0,94;Вис Бик Айдиал;Равнинное;Айдиал;3,72;3,073;вкусно;более_2_лет
220;6110;15,2;2136;0,94;Вис Бик Айдиал;Холмистое;Соверин;3,71;3,074;вкусно;более_2_лет
221;5322;12,5;1735;0,86;Вис Бик Айдиал;Холмистое;Соверин;3,42;3,075;не вкусно;менее_2_лет
222;6745;15,4;1844;0,94;Вис Бик Айдиал;Равнинное;Айдиал;3,71;3,072;не вкусно;более_2_лет
223;5571;12,9;1998;0,89;Вис Бик Айдиал;Равнинное;Соверин;3,62;3,077;вкусно;менее_2_лет
224;6656;16,2;1688;0,93;Вис Бик Айдиал;Равнинное;Айдиал;3,71;3,076;вкусно;более_2_лет
225;5546;13,3;1738;0,89;Вис Бик Айдиал;Равнинное;Айдиал;3,27;3,074;вкусно;менее_2_лет
226;6755;15,9;1816;0,93;Вис Бик Айдиал;Равнинное;Айдиал;3,73;3,074;вкусно;более_2_лет
227;7100;16,6;2293;0,95;Вис Бик Айдиал;Холмистое;Айдиал;3,72;3,079;вкусно;более_2_лет
228;5283;12,5;1879;0,89;Вис Бик Айдиал;Равнинное;Соверин;3,27;3,076;вкусно;менее_2_лет
229;6196;14,8;2140;0,94;Вис Бик Айдиал;Холмистое;Соверин;3,72;3,076;вкусно;более_2_лет
230;5877;12,5;1926;0,89;Вис Бик Айдиал;Холмистое;Айдиал;3,27;3,078;вкусно;более_2_лет
231;6164;15,2;1930;0,94;Вис Бик Айдиал;Холмистое;Соверин;3,73;3,076;вкусно;более_2_лет
232;5331;12,2;1986;0,89;Вис Бик Айдиал;Холмистое;Соверин;3,27;3,077;вкусно;менее_2_лет
233;6651;16,7;1992;0,94;Вис Бик Айдиал;Холмистое;Соверин;3,72;3,074;вкусно;более_2_лет
234;6016;15,7;2003;0,94;Вис Бик Айдиал;Холмистое;Соверин;3,71;3,076;вкусно;более_2_лет
235;7067;15,8;2053;0,94;Вис Бик Айдиал;Холмистое;Айдиал;3,73;3,079;вкусно;более_2_лет
236;6470;16,7;2341;0,95;Вис Бик Айдиал;Холмистое;Соверин;3,73;3,081;вкусно;более_2_лет
237;6498;14,4;1739;0,93;Вис Бик Айдиал;Холмистое;Айдиал;3,62;3,075;не вкусно;более_2_лет
238;5884;14,6;1761;0,89;Вис Бик Айдиал;Равнинное;Соверин;3,62;3,076;вкусно;более_2_лет
239;6248;14,7;2190;0,94;Вис Бик Айдиал;Равнинное;Соверин;3,72;3,074;не вкусно;более_2_лет
240;5635;12,9;2059;0,89;Вис Бик Айдиал;Холмистое;Соверин;3,62;3,076;вкусно;более_2_лет
241;5568;13,4;1733;0,88;Вис Бик Айдиал;Равнинное;Соверин;3,63;3,069;не вкусно;менее_2_лет
242;6708;15,6;1722;0,94;Вис Бик Айдиал;Холмистое;Айдиал;3,73;3,076;вкусно;более_2_лет
243;6122;15,7;2237;0,94;Вис Бик Айдиал;Холмистое;Соверин;3,71;3,077;вкусно;более_2_лет
244;6108;13,7;1682;0,93;Вис Бик Айдиал;Равнинное;Айдиал;3,63;3,076;не вкусно;более_2_лет
245;6572;16,2;1757;0,94;Вис Бик Айдиал;Холмистое;Соверин;3,72;3,075;вкусно;более_2_лет
246;6168;15,7;1917;0,95;Вис Бик Айдиал;Холмистое;Соверин;3,72;3,076;вкусно;более_2_лет
247;6482;15,6;2206;0,94;Вис Бик Айдиал;Холмистое;Айдиал;3,63;3,073;вкусно;более_2_лет
248;6563;15,6;1985;0,95;Вис Бик Айдиал;Равнинное;Соверин;3,72;3,073;не вкусно;более_2_лет
249;6716;16,3;2258;0,94;Вис Бик Айдиал;Равнинное;Айдиал;3,73;3,079;не вкусно;более_2_лет
250;6342;15,6;2202;0,95;РефлешнСоверинг;Холмистое;Соверин;3,74;3,079;вкусно;более_2_лет
251;6471;15,3;2100;0,93;РефлешнСоверинг;Равнинное;Айдиал;3,73;3,077;не вкусно;более_2_лет
252;5846;14,3;1756;0,88;РефлешнСоверинг;Равнинное;Соверин;3,63;3,072;не вкусно;более_2_лет
253;5754;13,7;1945;0,89;РефлешнСоверинг;Холмистое;Соверин;3,63;3,078;вкусно;более_2_лет
254;6084;15,1;1872;0,94;РефлешнСоверинг;Холмистое;Соверин;3,72;3,075;вкусно;более_2_лет
255;5645;13,2;1783;0,88;РефлешнСоверинг;Холмистое;Соверин;3,63;3,075;не вкусно;более_2_лет
256;5780;12,7;1672;0,89;РефлешнСоверинг;Холмистое;Соверин;3,27;3,077;вкусно;более_2_лет
257;5287;12,3;1929;0,89;РефлешнСоверинг;Равнинное;Соверин;3,27;3,076;не вкусно;менее_2_лет
258;5952;13,1;1795;0,89;РефлешнСоверинг;Равнинное;Соверин;3,63;3,074;не вкусно;более_2_лет
259;5919;14,5;1673;0,88;РефлешнСоверинг;Равнинное;Соверин;3,63;3,07;не вкусно;более_2_лет
260;6557;15,3;1801;0,93;РефлешнСоверинг;Холмистое;Айдиал;3,7;3,07;не вкусно;более_2_лет
261;6277;14,9;2043;0,94;РефлешнСоверинг;Равнинное;Соверин;3,71;3,073;вкусно;более_2_лет
262;6052;14,8;1750;0,94;РефлешнСоверинг;Холмистое;Соверин;3,72;3,076;вкусно;более_2_лет
263;5358;12,9;1676;0,84;РефлешнСоверинг;Равнинное;Айдиал;3,12;3,072;не вкусно;менее_2_лет
264;6477;16,3;2191;0,95;РефлешнСоверинг;Холмистое;Соверин;3,72;3,078;вкусно;более_2_лет
265;7133;16,3;2311;0,94;РефлешнСоверинг;Холмистое;Айдиал;3,72;3,078;вкусно;более_2_лет
266;6461;14,7;1874;0,94;РефлешнСоверинг;Холмистое;Айдиал;3,63;3,075;вкусно;более_2_лет
267;6169;15,4;1717;0,94;РефлешнСоверинг;Холмистое;Айдиал;3,63;3,074;вкусно;более_2_лет
268;6821;15,3;1736;0,94;РефлешнСоверинг;Равнинное;Айдиал;3,72;3,073;вкусно;более_2_лет
269;5380;13,1;1669;0,89;РефлешнСоверинг;Холмистое;Соверин;3,27;3,072;не вкусно;менее_2_лет
270;5506;12,6;1880;0,88;РефлешнСоверинг;Холмистое;Соверин;3,63;3,077;не вкусно;менее_2_лет
271;6597;14,2;2204;0,95;РефлешнСоверинг;Равнинное;Соверин;3,74;3,079;не вкусно;более_2_лет
272;5971;13,4;1775;0,88;РефлешнСоверинг;Равнинное;Айдиал;3,63;3,071;вкусно;более_2_лет
273;5987;15,2;1930;0,89;РефлешнСоверинг;Холмистое;Соверин;3,72;3,075;вкусно;более_2_лет
274;5204;12,3;2021;0,89;РефлешнСоверинг;Холмистое;Соверин;3,27;3,075;вкусно;менее_2_лет
275;6116;15,7;2221;0,95;РефлешнСоверинг;Равнинное;Соверин;3,72;3,075;вкусно;более_2_лет
276;5375;13,7;1712;0,89;РефлешнСоверинг;Равнинное;Соверин;3,27;3,076;вкусно;менее_2_лет
277;5432;14,2;1933;0,89;РефлешнСоверинг;Холмистое;Соверин;3,64;3,077;вкусно;менее_2_лет
278;6112;14,6;1988;0,93;РефлешнСоверинг;Холмистое;Соверин;3,73;3,075;не вкусно;более_2_лет
279;6755;15,9;2142;0,94;РефлешнСоверинг;Равнинное;Айдиал;3,7;3,071;вкусно;более_2_лет
280;6158;16,2;2092;0,95;Вис Бик Айдиал;Равнинное;Соверин;3,73;3,077;не вкусно;более_2_лет
281;6133;15,5;2239;0,94;Вис Бик Айдиал;Холмистое;Соверин;3,72;3,081;вкусно;более_2_лет
282;5893;13,6;1978;0,88;РефлешнСоверинг;Равнинное;Соверин;3,64;3,076;не вкусно;более_2_лет
283;6701;16,8;2077;0,95;РефлешнСоверинг;Холмистое;Соверин;3,69;3,072;вкусно;более_2_лет
284;5770;13,9;1732;0,88;Вис Бик Айдиал;Холмистое;Соверин;3,64;3,073;не вкусно;более_2_лет
285;5735;11,8;1712;0,84;РефлешнСоверинг;Холмистое;Соверин;3,13;3,077;вкусно;более_2_лет
286;6967;15,4;2056;0,94;РефлешнСоверинг;Холмистое;Айдиал;3,22;3,074;вкусно;более_2_лет
287;6679;15,7;2267;0,95;Вис Бик Айдиал;Холмистое;Соверин;3,31;3,074;вкусно;более_2_лет
288;6263;14,6;2177;0,93;РефлешнСоверинг;Холмистое;Соверин;3,16;3,079;не вкусно;более_2_лет
289;7014;15,7;1946;0,94;РефлешнСоверинг;Холмистое;Айдиал;3,25;3,077;вкусно;более_2_лет
290;5284;12,4;1694;0,89;Вис Бик Айдиал;Холмистое;Соверин;3,38;3,073;не вкусно;менее_2_лет
291;5939;14,9;1667;0,89;РефлешнСоверинг;Равнинное;Айдиал;3,64;3,072;вкусно;более_2_лет
292;5816;14,7;1715;0,88;РефлешнСоверинг;Холмистое;Соверин;3,64;3,073;не вкусно;более_2_лет
293;6071;14,9;2036;0,94;РефлешнСоверинг;Холмистое;Соверин;3,12;3,079;вкусно;более_2_лет
294;6663;14,9;2317;0,95;РефлешнСоверинг;Холмистое;Соверин;3,72;3,077;вкусно;более_2_лет
295;7197;15,6;2241;0,94;РефлешнСоверинг;Холмистое;Айдиал;3,71;3,075;вкусно;более_2_лет
296;5698;13,5;1709;0,84;Вис Бик Айдиал;Холмистое;Айдиал;3,27;3,074;вкусно;более_2_лет
297;7201;15,8;2077;0,94;РефлешнСоверинг;Холмистое;Айдиал;3,71;3,072;вкусно;более_2_лет
298;6336;14,9;1665;0,93;РефлешнСоверинг;Холмистое;Айдиал;3,64;3,075;не вкусно;более_2_лет
299;6558;14,6;2331;0,95;Вис Бик Айдиал;Равнинное;Айдиал;3,74;3,08;вкусно;более_2_лет
300;6334;14,4;1698;0,93;Вис Бик Айдиал;Холмистое;Айдиал;3,64;3,074;не вкусно;более_2_лет
301;6523;15,1;2188;0,94;РефлешнСоверинг;Равнинное;Соверин;3,73;3,075;не вкусно;более_2_лет
302;5896;12,8;1853;0,84;Вис Бик Айдиал;Холмистое;Айдиал;3,18;3,078;не вкусно;более_2_лет
303;6139;15,8;1913;0,94;Вис Бик Айдиал;Холмистое;Соверин;3,72;3,078;вкусно;более_2_лет
304;6649;16,7;2207;0,94;РефлешнСоверинг;Холмистое;Соверин;3,72;3,07;вкусно;более_2_лет
305;6381;16,1;1890;0,94;РефлешнСоверинг;Равнинное;Айдиал;3,71;3,073;вкусно;более_2_лет
306;5594;13,8;1849;0,88;РефлешнСоверинг;Равнинное;Соверин;3,64;3,073;вкусно;менее_2_лет
307;6561;16,5;2211;0,95;РефлешнСоверинг;Равнинное;Айдиал;3,71;3,075;вкусно;более_2_лет
308;5936;13,2;1993;0,89;Вис Бик Айдиал;Равнинное;Айдиал;3,64;3,076;вкусно;более_2_лет
309;6373;15,1;2205;0,94;РефлешнСоверинг;Холмистое;Соверин;3,74;3,075;вкусно;более_2_лет
310;6046;14,7;1710;0,93;Вис Бик Айдиал;Холмистое;Айдиал;3,64;3,076;не вкусно;более_2_лет
311;5963;14,9;1946;0,89;Вис Бик Айдиал;Холмистое;Соверин;3,64;3,074;вкусно;более_2_лет
312;5695;14,5;2049;0,88;РефлешнСоверинг;Холмистое;Соверин;3,64;3,079;вкусно;более_2_лет
313;6343;15,6;1964;0,94;Вис Бик Айдиал;Равнинное;Соверин;3,72;3,077;вкусно;более_2_лет
314;6358;15,6;1824;0,94;РефлешнСоверинг;Равнинное;Айдиал;3,73;3,071;вкусно;более_2_лет
315;5644;12,3;1714;0,84;Вис Бик Айдиал;Холмистое;Айдиал;3,18;3,077;вкусно;более_2_лет
316;6130;15,2;1861;0,93;Вис Бик Айдиал;Холмистое;Соверин;3,73;3,076;не вкусно;более_2_лет
317;6515;15,2;2221;0,93;Вис Бик Айдиал;Холмистое;Соверин;3,72;3,077;не вкусно;более_2_лет
318;5574;14,7;1834;0,88;Вис Бик Айдиал;Холмистое;Соверин;3,64;3,081;не вкусно;менее_2_лет
319;6741;14,6;1881;0,93;Вис Бик Айдиал;Равнинное;Айдиал;3,74;3,077;не вкусно;более_2_лет
320;6027;15,8;1832;0,95;РефлешнСоверинг;Равнинное;Соверин;3,73;3,076;вкусно;более_2_лет
321;6601;16,5;1772;0,94;РефлешнСоверинг;Равнинное;Айдиал;3,72;3,073;вкусно;более_2_лет
322;5723;12,9;1684;0,84;Вис Бик Айдиал;Равнинное;Соверин;3,18;3,073;не вкусно;более_2_лет
323;5215;13,1;1741;0,84;РефлешнСоверинг;Равнинное;Соверин;3,18;3,07;не вкусно;менее_2_лет
324;6567;15,1;1964;0,93;РефлешнСоверинг;Холмистое;Айдиал;3,7;3,071;не вкусно;более_2_лет
325;5592;15,6;1719;0,89;РефлешнСоверинг;Холмистое;Соверин;3,64;3,074;вкусно;менее_2_лет
326;6140;13,9;1699;0,93;Вис Бик Айдиал;Равнинное;Соверин;3,37;3,079;не вкусно;более_2_лет
327;5657;15;1780;0,89;РефлешнСоверинг;Равнинное;Соверин;3,64;3,07;вкусно;более_2_лет
328;6522;16,4;2270;0,95;РефлешнСоверинг;Холмистое;Соверин;3,73;3,077;вкусно;более_2_лет
329;5833;13,1;2077;0,89;Вис Бик Айдиал;Равнинное;Айдиал;3,64;3,076;вкусно;более_2_лет
330;6084;15,6;1949;0,94;РефлешнСоверинг;Холмистое;Соверин;3,72;3,076;вкусно;более_2_лет
331;5989;13,6;1913;0,88;Вис Бик Айдиал;Равнинное;Соверин;3,72;3,074;вкусно;более_2_лет
332;6509;15,2;1814;0,93;РефлешнСоверинг;Равнинное;Айдиал;3,72;3,072;вкусно;более_2_лет
333;5710;13;2224;0,84;Вис Бик Айдиал;Равнинное;Айдиал;3,65;3,077;не вкусно;более_2_лет
334;5642;13,8;1692;0,88;РефлешнСоверинг;Равнинное;Соверин;3,65;3,071;не вкусно;более_2_лет
335;6036;15,6;2084;0,95;РефлешнСоверинг;Холмистое;Соверин;3,73;3,077;вкусно;более_2_лет
336;5636;14,3;1794;0,88;Вис Бик Айдиал;Холмистое;Соверин;3,65;3,075;не вкусно;более_2_лет
337;5513;14,5;1744;0,89;РефлешнСоверинг;Холмистое;Соверин;3,65;3,07;вкусно;менее_2_лет
338;5926;14,4;1819;0,89;Вис Бик Айдиал;Равнинное;Айдиал;3,65;3,077;вкусно;более_2_лет
339;6184;15,1;1764;0,94;РефлешнСоверинг;Холмистое;Соверин;3,74;3,077;вкусно;более_2_лет
340;6498;15,5;1940;0,95;Вис Бик Айдиал;Равнинное;Айдиал;3,74;3,077;вкусно;более_2_лет
341;5497;14,7;1751;0,84;Вис Бик Айдиал;Равнинное;Айдиал;3,18;3,074;не вкусно;менее_2_лет
342;6293;14,7;2136;0,94;Вис Бик Айдиал;Равнинное;Айдиал;3,72;3,075;вкусно;более_2_лет
343;6173;15,8;2181;0,95;РефлешнСоверинг;Равнинное;Соверин;3,72;3,074;не вкусно;более_2_лет
344;6728;16,1;1931;0,94;Вис Бик Айдиал;Холмистое;Айдиал;3,71;3,077;вкусно;более_2_лет
345;5456;12,1;1788;0,84;РефлешнСоверинг;Холмистое;Соверин;3,33;3,078;вкусно;менее_2_лет
346;6290;15,5;1817;0,94;РефлешнСоверинг;Холмистое;Соверин;3,71;3,073;вкусно;более_2_лет
347;5759;14,7;2133;0,89;Вис Бик Айдиал;Равнинное;Соверин;3,65;3,074;вкусно;более_2_лет
348;5613;14,3;1727;0,89;РефлешнСоверинг;Холмистое;Соверин;3,65;3,07;вкусно;более_2_лет
349;6501;14,4;2040;0,94;РефлешнСоверинг;Холмистое;Айдиал;3,65;3,075;вкусно;более_2_лет
350;6171;15,3;1966;0,94;РефлешнСоверинг;Равнинное;Соверин;3,73;3,076;вкусно;более_2_лет
351;5509;12,5;1853;0,84;Вис Бик Айдиал;Равнинное;Айдиал;3,18;3,078;не вкусно;менее_2_лет
352;6734;16,3;1767;0,94;Вис Бик Айдиал;Равнинное;Айдиал;3,73;3,074;не вкусно;более_2_лет
353;7031;16,8;2308;0,95;Вис Бик Айдиал;Холмистое;Айдиал;3,73;3,08;вкусно;более_2_лет
354;6455;14,8;1835;0,93;РефлешнСоверинг;Равнинное;Соверин;3,71;3,072;не вкусно;более_2_лет
355;6292;16,2;2050;0,95;РефлешнСоверинг;Равнинное;Соверин;3,73;3,076;не вкусно;более_2_лет
356;5342;11,9;1743;0,89;Вис Бик Айдиал;Холмистое;Соверин;3,18;3,076;вкусно;менее_2_лет
357;5827;13,6;1718;0,89;Вис Бик Айдиал;Холмистое;Соверин;3,34;3,075;вкусно;менее_2_лет
358;6617;15,4;1729;0,93;РефлешнСоверинг;Холмистое;Айдиал;3,71;3,074;не вкусно;более_2_лет
359;5612;12,9;1691;0,89;РефлешнСоверинг;Равнинное;Айдиал;3,34;3,073;вкусно;более_2_лет
360;5529;13,4;1733;0,89;РефлешнСоверинг;Холмистое;Соверин;3,34;3,072;не вкусно;менее_2_лет
361;6133;13,3;1960;0,93;Вис Бик Айдиал;Равнинное;Айдиал;3,65;3,076;вкусно;более_2_лет
362;6048;15,1;1750;0,93;Вис Бик Айдиал;Холмистое;Соверин;3,72;3,079;не вкусно;более_2_лет
363;6122;13,5;2041;0,93;Вис Бик Айдиал;Холмистое;Айдиал;3,65;3,075;не вкусно;более_2_лет
364;6560;15,6;1781;0,94;РефлешнСоверинг;Равнинное;Айдиал;3,73;3,075;вкусно;более_2_лет
365;6165;14;1937;0,93;Вис Бик Айдиал;Холмистое;Айдиал;3,65;3,078;не вкусно;более_2_лет
366;5456;13,2;1786;0,89;РефлешнСоверинг;Холмистое;Соверин;3,65;3,074;не вкусно;менее_2_лет
367;6453;15,9;1896;0,94;Вис Бик Айдиал;Холмистое;Айдиал;3,65;3,08;вкусно;более_2_лет
368;5733;13,5;1986;0,89;Вис Бик Айдиал;Равнинное;Соверин;3,65;3,077;не вкусно;более_2_лет
369;6043;15,1;1714;0,94;Вис Бик Айдиал;Холмистое;Соверин;3,73;3,079;вкусно;более_2_лет
370;6304;16,5;1731;0,94;РефлешнСоверинг;Холмистое;Соверин;3,73;3,076;вкусно;более_2_лет
371;6789;15,7;1773;0,94;РефлешнСоверинг;Холмистое;Айдиал;3,72;3,073;вкусно;более_2_лет
372;6592;15,4;1810;0,93;РефлешнСоверинг;Равнинное;Айдиал;3,72;3,073;не вкусно;более_2_лет
373;6600;15,6;1971;0,94;Вис Бик Айдиал;Равнинное;Айдиал;3,73;3,076;вкусно;более_2_лет
374;6501;15,5;1712;0,94;РефлешнСоверинг;Равнинное;Айдиал;3,72;3,075;вкусно;более_2_лет
375;6492;13,9;1969;0,94;РефлешнСоверинг;Равнинное;Айдиал;3,74;3,077;вкусно;более_2_лет
376;5997;14,5;1744;0,89;Вис Бик Айдиал;Равнинное;Айдиал;3,65;3,077;не вкусно;более_2_лет
377;6088;14,8;1771;0,93;Вис Бик Айдиал;Холмистое;Соверин;3,72;3,078;не вкусно;более_2_лет
378;5650;11,9;1682;0,84;Вис Бик Айдиал;Равнинное;Соверин;3,22;3,073;не вкусно;более_2_лет
379;6609;16,4;2283;0,94;РефлешнСоверинг;Холмистое;Соверин;3,71;3,076;вкусно;более_2_лет
380;6416;13,7;2211;0,94;РефлешнСоверинг;Равнинное;Соверин;3,72;3,073;вкусно;более_2_лет
381;6018;13,9;1980;0,93;Вис Бик Айдиал;Холмистое;Айдиал;3,65;3,075;вкусно;более_2_лет
382;5910;13,2;1662;0,89;РефлешнСоверинг;Холмистое;Соверин;3,34;3,072;вкусно;более_2_лет
383;6060;13,9;1705;0,93;РефлешнСоверинг;Холмистое;Айдиал;3,65;3,072;не вкусно;более_2_лет
384;5268;12,5;1889;0,89;РефлешнСоверинг;Холмистое;Соверин;3,34;3,072;вкусно;менее_2_лет
385;5361;12,9;1947;0,89;Вис Бик Айдиал;Холмистое;Соверин;3,34;3,078;вкусно;менее_2_лет
386;6416;14;2266;0,94;Вис Бик Айдиал;Холмистое;Айдиал;3,65;3,077;вкусно;более_2_лет
387;5493;14,1;1785;0,89;Вис Бик Айдиал;Равнинное;Соверин;3,65;3,078;вкусно;менее_2_лет
388;6350;16,4;2126;0,94;Вис Бик Айдиал;Равнинное;Соверин;3,73;3,077;вкусно;более_2_лет
389;6472;16,2;2073;0,93;РефлешнСоверинг;Холмистое;Соверин;3,71;3,072;не вкусно;более_2_лет
390;6331;15,9;1846;0,94;РефлешнСоверинг;Равнинное;Соверин;3,72;3,074;вкусно;более_2_лет
391;5544;12,8;1768;0,88;Вис Бик Айдиал;Равнинное;Соверин;3,59;3,073;не вкусно;менее_2_лет
392;6248;14,6;1750;0,94;РефлешнСоверинг;Холмистое;Айдиал;3,59;3,075;вкусно;более_2_лет
393;6743;15,8;1820;0,93;Вис Бик Айдиал;Холмистое;Айдиал;3,71;3,079;не вкусно;более_2_лет
394;6841;15,1;2010;0,94;Вис Бик Айдиал;Холмистое;Айдиал;3,72;3,076;вкусно;более_2_лет
395;6351;14,9;2231;0,93;Вис Бик Айдиал;Холмистое;Соверин;3,72;3,078;не вкусно;более_2_лет
396;6320;15;1689;0,94;Вис Бик Айдиал;Равнинное;Айдиал;3,73;3,074;вкусно;более_2_лет
397;6015;15;1739;0,93;РефлешнСоверинг;Холмистое;Соверин;3,72;3,077;не вкусно;более_2_лет
398;5207;13,3;1829;0,89;РефлешнСоверинг;Холмистое;Соверин;3,48;3,077;не вкусно;менее_2_лет
399;5257;11,9;1793;0,89;Вис Бик Айдиал;Равнинное;Соверин;3,48;3,075;вкусно;менее_2_лет
400;5561;12,6;1692;0,89;Вис Бик Айдиал;Холмистое;Соверин;3,59;3,079;вкусно;менее_2_лет
401;5887;14,2;1877;0,89;РефлешнСоверинг;Холмистое;Соверин;3,59;3,074;вкусно;более_2_лет
402;5814;14,6;1794;0,89;Вис Бик Айдиал;Холмистое;Соверин;3,59;3,077;вкусно;более_2_лет
403;6153;13,5;2169;0,94;Вис Бик Айдиал;Равнинное;Айдиал;3,59;3,078;не вкусно;более_2_лет
404;5262;12,6;1786;0,89;Вис Бик Айдиал;Равнинное;Соверин;3,48;3,081;вкусно;менее_2_лет
405;6638;15,8;2334;0,95;РефлешнСоверинг;Холмистое;Соверин;3,72;3,078;вкусно;более_2_лет
406;6475;15,6;2091;0,94;Вис Бик Айдиал;Равнинное;Соверин;3,72;3,076;не вкусно;более_2_лет
407;6405;16,3;2206;0,94;РефлешнСоверинг;Равнинное;Соверин;3,72;3,075;вкусно;более_2_лет
408;5392;11,9;1827;0,89;Вис Бик Айдиал;Равнинное;Соверин;3,59;3,078;вкусно;менее_2_лет
409;6272;14,1;1989;0,93;Вис Бик Айдиал;Равнинное;Айдиал;3,59;3,077;не вкусно;более_2_лет
410;5950;14,2;2136;0,89;Вис Бик Айдиал;Равнинное;Соверин;3,59;3,075;не вкусно;более_2_лет
411;6466;14,1;2035;0,93;Вис Бик Айдиал;Холмистое;Айдиал;3,59;3,077;не вкусно;более_2_лет
412;5805;13,4;1999;0,88;Вис Бик Айдиал;Холмистое;Соверин;3,59;3,076;не вкусно;более_2_лет
413;5510;12,8;1672;0,88;Вис Бик Айдиал;Холмистое;Соверин;3,59;3,076;не вкусно;менее_2_лет
414;6085;14,8;2167;0,95;РефлешнСоверинг;Равнинное;Соверин;3,71;3,073;вкусно;более_2_лет
415;6293;13,5;2249;0,94;Вис Бик Айдиал;Холмистое;Айдиал;3,59;3,079;вкусно;более_2_лет
416;6061;14,5;2152;0,94;Вис Бик Айдиал;Холмистое;Соверин;3,72;3,078;вкусно;более_2_лет
417;6479;13,6;2206;0,94;Вис Бик Айдиал;Холмистое;Айдиал;3,61;3,078;вкусно;более_2_лет
418;6449;16,2;1860;0,94;РефлешнСоверинг;Равнинное;Соверин;3,73;3,075;не вкусно;более_2_лет
419;5751;12,4;2081;0,89;РефлешнСоверинг;Равнинное;Айдиал;3,61;3,07;вкусно;более_2_лет
420;6505;14,1;2087;0,93;Вис Бик Айдиал;Холмистое;Айдиал;3,61;3,077;не вкусно;более_2_лет
421;6547;15,5;2069;0,94;Вис Бик Айдиал;Равнинное;Айдиал;3,72;3,076;вкусно;более_2_лет
422;5982;13,8;1722;0,89;РефлешнСоверинг;Холмистое;Айдиал;3,61;3,073;не вкусно;более_2_лет
423;6681;14,6;2171;0,95;Вис Бик Айдиал;Равнинное;Айдиал;3,73;3,075;вкусно;более_2_лет
424;6991;16,7;2349;0,95;Вис Бик Айдиал;Равнинное;Айдиал;3,73;3,08;не вкусно;более_2_лет
425;5823;15,1;1753;0,89;РефлешнСоверинг;Равнинное;Соверин;3,61;3,074;вкусно;более_2_лет
426;5717;12,7;1710;0,89;Вис Бик Айдиал;Равнинное;Айдиал;3,61;3,073;вкусно;более_2_лет
427;6701;15,7;2068;0,94;РефлешнСоверинг;Холмистое;Айдиал;3,72;3,082;вкусно;более_2_лет
428;6852;16,6;2338;0,94;РефлешнСоверинг;Равнинное;Айдиал;3,72;3,076;вкусно;более_2_лет
429;5860;12,6;1719;0,88;РефлешнСоверинг;Холмистое;Айдиал;3,21;3,073;вкусно;более_2_лет
430;6139;13,9;1853;0,94;РефлешнСоверинг;Холмистое;Айдиал;3,61;3,075;вкусно;более_2_лет
431;5694;13,5;1721;0,88;РефлешнСоверинг;Равнинное;Соверин;3,61;3,076;вкусно;более_2_лет
432;6617;14,7;1762;0,94;РефлешнСоверинг;Холмистое;Айдиал;3,71;3,075;вкусно;более_2_лет
433;6390;15,5;1908;0,93;РефлешнСоверинг;Холмистое;Соверин;3,71;3,072;не вкусно;более_2_лет
434;5785;12,8;1935;0,88;Вис Бик Айдиал;Холмистое;Соверин;3,21;3,076;вкусно;более_2_лет
435;6573;15,6;1815;0,94;РефлешнСоверинг;Равнинное;Соверин;3,73;3,075;вкусно;более_2_лет
436;6054;15,7;1859;0,94;РефлешнСоверинг;Холмистое;Соверин;3,71;3,08;вкусно;более_2_лет
437;5858;13,1;1949;0,88;Вис Бик Айдиал;Равнинное;Айдиал;3,61;3,075;не вкусно;более_2_лет
438;5981;14,1;2088;0,88;Вис Бик Айдиал;Холмистое;Айдиал;3,61;3,075;вкусно;более_2_лет
439;6751;15,7;2098;0,94;РефлешнСоверинг;Холмистое;Айдиал;3,7;3,076;вкусно;более_2_лет
440;6342;13,4;1821;0,93;РефлешнСоверинг;Холмистое;Айдиал;3,61;3,076;не вкусно;более_2_лет
441;6118;15,1;1920;0,94;Вис Бик Айдиал;Холмистое;Соверин;3,72;3,078;вкусно;более_2_лет
442;5314;12,2;1706;0,88;Вис Бик Айдиал;Холмистое;Соверин;3,21;3,076;вкусно;менее_2_лет
443;6755;15,2;1785;0,93;РефлешнСоверинг;Холмистое;Айдиал;3,7;3,076;не вкусно;более_2_лет
444;5450;14,4;1782;0,88;РефлешнСоверинг;Равнинное;Айдиал;3,21;3,078;вкусно;менее_2_лет
445;6827;16,3;1855;0,94;РефлешнСоверинг;Холмистое;Айдиал;3,71;3,074;вкусно;более_2_лет
446;5417;14,2;1853;0,88;Вис Бик Айдиал;Холмистое;Соверин;3,61;3,078;вкусно;менее_2_лет
447;6753;14,3;2080;0,93;РефлешнСоверинг;Холмистое;Айдиал;3,72;3,077;не вкусно;более_2_лет
448;5769;13,5;1662;0,88;Вис Бик Айдиал;Равнинное;Соверин;3,33;3,075;не вкусно;менее_2_лет
449;6741;15,3;2233;0,94;РефлешнСоверинг;Холмистое;Айдиал;3,71;3,073;вкусно;более_2_лет
450;6574;15,8;1999;0,94;РефлешнСоверинг;Равнинное;Айдиал;3,72;3,075;вкусно;более_2_лет
451;6030;13,8;1801;0,94;Вис Бик Айдиал;Равнинное;Айдиал;3,61;3,08;не вкусно;более_2_лет
452;6997;15,4;2002;0,94;РефлешнСоверинг;Холмистое;Айдиал;3,71;3,072;не вкусно;более_2_лет
453;5774;12;1788;0,88;Вис Бик Айдиал;Холмистое;Айдиал;3,33;3,08;не вкусно;более_2_лет
454;5583;12,4;1664;0,88;РефлешнСоверинг;Равнинное;Соверин;3,33;3,077;вкусно;менее_2_лет
455;6376;15,2;2046;0,94;РефлешнСоверинг;Холмистое;Соверин;3,72;3,075;вкусно;более_2_лет
456;6322;15,2;1971;0,94;Вис Бик Айдиал;Равнинное;Айдиал;3,71;3,075;вкусно;более_2_лет
457;5288;11,1;1925;0,88;РефлешнСоверинг;Равнинное;Соверин;3,33;3,074;не вкусно;менее_2_лет
458;6254;15,7;2193;0,94;РефлешнСоверинг;Холмистое;Соверин;3,72;3,075;вкусно;более_2_лет
459;5806;13,1;1810;0,88;Вис Бик Айдиал;Равнинное;Айдиал;3,61;3,073;вкусно;более_2_лет
460;6564;16,2;2336;0,94;РефлешнСоверинг;Равнинное;Соверин;3,72;3,073;не вкусно;более_2_лет
461;6084;14,7;2159;0,94;Вис Бик Айдиал;Равнинное;Соверин;3,72;3,075;не вкусно;более_2_лет
462;6288;15,9;2020;0,93;РефлешнСоверинг;Холмистое;Соверин;3,71;3,072;не вкусно;более_2_лет
463;6345;16,1;1958;0,93;РефлешнСоверинг;Холмистое;Соверин;3,71;3,073;не вкусно;более_2_лет
464;6420;16,2;2002;0,95;РефлешнСоверинг;Холмистое;Соверин;3,72;3,081;вкусно;более_2_лет
465;6788;15,7;1893;0,93;РефлешнСоверинг;Равнинное;Айдиал;3,7;3,071;не вкусно;более_2_лет
466;6977;16,3;2146;0,93;РефлешнСоверинг;Холмистое;Айдиал;3,71;3,074;не вкусно;более_2_лет
467;5722;15;1716;0,89;Вис Бик Айдиал;Холмистое;Соверин;3,61;3,076;вкусно;более_2_лет
468;5692;14,1;1809;0,89;РефлешнСоверинг;Холмистое;Соверин;3,61;3,076;вкусно;более_2_лет
469;6469;15,9;1834;0,94;Вис Бик Айдиал;Холмистое;Айдиал;3,62;3,076;вкусно;более_2_лет
470;5654;14,2;1803;0,88;Вис Бик Айдиал;Равнинное;Айдиал;3,49;3,081;вкусно;более_2_лет
471;5638;13,1;2018;0,88;Вис Бик Айдиал;Равнинное;Соверин;3,62;3,077;вкусно;более_2_лет
472;5883;14,9;2159;0,89;Вис Бик Айдиал;Равнинное;Соверин;3,62;3,085;вкусно;более_2_лет
473;6547;13,7;2341;0,94;Вис Бик Айдиал;Холмистое;Айдиал;3,72;3,079;вкусно;более_2_лет
474;6197;14,7;1795;0,94;Вис Бик Айдиал;Равнинное;Айдиал;3,62;3,075;не вкусно;более_2_лет
475;6605;15,7;2020;0,94;РефлешнСоверинг;Равнинное;Айдиал;3,72;3,073;не вкусно;более_2_лет
476;5708;13,2;1921;0,85;РефлешнСоверинг;Равнинное;Айдиал;3,62;3,079;не вкусно;более_2_лет
477;5288;13,7;1753;0,85;РефлешнСоверинг;Холмистое;Соверин;3,28;3,074;не вкусно;менее_2_лет
478;6282;15,3;1995;0,94;Вис Бик Айдиал;Равнинное;Айдиал;3,62;3,077;вкусно;более_2_лет
479;5882;12,8;1746;0,85;Вис Бик Айдиал;Равнинное;Соверин;3,41;3,077;не вкусно;более_2_лет
480;5535;11,8;1683;0,84;Вис Бик Айдиал;Равнинное;Соверин;3,22;3,077;не вкусно;менее_2_лет
481;6720;14,8;1846;0,94;Вис Бик Айдиал;Холмистое;Айдиал;3,73;3,079;вкусно;более_2_лет
482;6742;14,7;1860;0,93;РефлешнСоверинг;Холмистое;Айдиал;3,7;3,072;не вкусно;более_2_лет
483;5961;14,2;1971;0,89;РефлешнСоверинг;Равнинное;Соверин;3,62;3,072;не вкусно;более_2_лет
484;6583;15,3;2205;0,94;РефлешнСоверинг;Равнинное;Айдиал;3,72;3,071;не вкусно;более_2_лет
485;6132;15,2;1849;0,94;РефлешнСоверинг;Холмистое;Соверин;3,71;3,075;вкусно;более_2_лет
486;5986;13,8;1890;0,85;Вис Бик Айдиал;Холмистое;Айдиал;3,62;3,08;не вкусно;более_2_лет
487;5667;15,3;1666;0,89;Вис Бик Айдиал;Холмистое;Соверин;3,62;3,076;вкусно;более_2_лет
488;6005;13,5;1842;0,94;РефлешнСоверинг;Равнинное;Айдиал;3,62;3,073;не вкусно;более_2_лет
489;6702;15,9;2046;0,93;РефлешнСоверинг;Равнинное;Айдиал;3,71;3,072;не вкусно;более_2_лет
490;6372;15,1;2163;0,94;РефлешнСоверинг;Холмистое;Соверин;3,73;3,076;вкусно;более_2_лет
491;5842;13,2;1836;0,85;РефлешнСоверинг;Холмистое;Айдиал;3,28;3,076;вкусно;более_2_лет
492;5863;13,9;1994;0,89;РефлешнСоверинг;Равнинное;Соверин;3,62;3,076;не вкусно;более_2_лет
493;5848;13,1;1791;0,88;РефлешнСоверинг;Равнинное;Айдиал;3,62;3,072;вкусно;более_2_лет
494;5477;13,3;1854;0,85;Вис Бик Айдиал;Равнинное;Соверин;3,62;3,074;не вкусно;менее_2_лет
495;5315;12,7;1706;0,85;Вис Бик Айдиал;Холмистое;Соверин;3,35;3,075;не вкусно;менее_2_лет
496;5411;13,2;1985;0,85;Вис Бик Айдиал;Равнинное;Соверин;3,62;3,078;не вкусно;менее_2_лет
497;5802;14,3;1779;0,88;РефлешнСоверинг;Равнинное;Соверин;3,62;3,074;вкусно;более_2_лет
498;6584;16,4;2346;0,95;РефлешнСоверинг;Равнинное;Соверин;3,73;3,078;не вкусно;более_2_лет
499;5988;13,3;1784;0,85;РефлешнСоверинг;Холмистое;Айдиал;3,62;3,075;не вкусно;более_2_лет
500;6601;15,4;1963;0,94;РефлешнСоверинг;Равнинное;Айдиал;3,71;3,076;вкусно;более_2_лет
501;5746;15,4;1740;0,89;РефлешнСоверинг;Холмистое;Соверин;3,62;3,074;вкусно;более_2_лет
502;5374;12,6;1784;0,85;РефлешнСоверинг;Холмистое;Соверин;3,21;3,077;не вкусно;менее_2_лет
503;5416;13,1;1792;0,85;Вис Бик Айдиал;Холмистое;Соверин;3,63;3,072;вкусно;менее_2_лет
504;7113;16,7;1921;0,95;Вис Бик Айдиал;Холмистое;Айдиал;3,72;3,077;вкусно;более_2_лет
505;5995;13,8;1678;0,85;Вис Бик Айдиал;Холмистое;Айдиал;3,63;3,077;не вкусно;более_2_лет
506;6460;15,3;1680;0,93;Вис Бик Айдиал;Равнинное;Айдиал;3,73;3,075;вкусно;более_2_лет
507;6129;15,3;1931;0,94;Вис Бик Айдиал;Равнинное;Айдиал;3,63;3,073;вкусно;более_2_лет
508;6582;14,6;1975;0,93;Вис Бик Айдиал;Равнинное;Айдиал;3,72;3,071;вкусно;более_2_лет
509;6498;16,5;2123;0,94;РефлешнСоверинг;Холмистое;Соверин;3,7;3,074;вкусно;более_2_лет
510;6232;16,1;2301;0,95;Вис Бик Айдиал;Равнинное;Соверин;3,74;3,079;вкусно;более_2_лет
511;5671;15;1844;0,89;РефлешнСоверинг;Холмистое;Соверин;3,63;3,076;вкусно;более_2_лет
512;5632;13,2;1995;0,85;Вис Бик Айдиал;Холмистое;Соверин;3,42;3,075;вкусно;менее_2_лет
513;6122;13,4;1843;0,93;Вис Бик Айдиал;Равнинное;Соверин;3,32;3,076;не вкусно;менее_2_лет
514;6262;14;1708;0,93;РефлешнСоверинг;Холмистое;Айдиал;3,63;3,072;не вкусно;более_2_лет
515;6415;15,3;1865;0,94;РефлешнСоверинг;Равнинное;Айдиал;3,72;3,076;не вкусно;более_2_лет
516;6542;15,9;2231;0,94;РефлешнСоверинг;Равнинное;Айдиал;3,72;3,073;вкусно;более_2_лет
517;5650;11,9;2200;0,85;Вис Бик Айдиал;Холмистое;Айдиал;3,23;3,079;вкусно;более_2_лет
518;5819;13,7;1968;0,84;Вис Бик Айдиал;Холмистое;Айдиал;3,15;3,085;вкусно;более_2_лет
519;6361;15,2;2206;0,94;РефлешнСоверинг;Равнинное;Соверин;3,72;3,078;не вкусно;более_2_лет
520;5967;13,6;1873;0,84;Вис Бик Айдиал;Холмистое;Айдиал;3,63;3,073;не вкусно;более_2_лет
521;5703;15,3;2198;0,89;Вис Бик Айдиал;Холмистое;Соверин;3,63;3,077;вкусно;более_2_лет
522;5266;12,9;1697;0,84;РефлешнСоверинг;Холмистое;Соверин;3,72;3,077;не вкусно;менее_2_лет
523;5347;14,1;1698;0,84;РефлешнСоверинг;Холмистое;Соверин;3,37;3,071;не вкусно;менее_2_лет
524;5984;15,1;1912;0,89;РефлешнСоверинг;Равнинное;Соверин;3,72;3,076;вкусно;более_2_лет
525;6975;15,5;1984;0,93;РефлешнСоверинг;Холмистое;Айдиал;3,72;3,075;не вкусно;более_2_лет
526;5897;13,7;1689;0,88;РефлешнСоверинг;Холмистое;Соверин;3,63;3,074;не вкусно;более_2_лет
527;5734;15,3;1780;0,88;РефлешнСоверинг;Равнинное;Соверин;3,63;3,072;вкусно;более_2_лет
528;6890;15,9;2164;0,94;РефлешнСоверинг;Холмистое;Айдиал;3,72;3,072;вкусно;более_2_лет
529;5594;13,5;1811;0,89;Вис Бик Айдиал;Равнинное;Соверин;3,63;3,079;не вкусно;менее_2_лет
530;6642;15,7;1984;0,94;Вис Бик Айдиал;Равнинное;Айдиал;3,72;3,072;вкусно;более_2_лет
531;6618;16,5;2218;0,95;Вис Бик Айдиал;Равнинное;Айдиал;3,74;3,079;вкусно;более_2_лет
532;5836;14,4;1837;0,88;РефлешнСоверинг;Холмистое;Соверин;3,63;3,077;не вкусно;более_2_лет
533;5772;15,4;1713;0,89;РефлешнСоверинг;Холмистое;Соверин;3,63;3,076;вкусно;более_2_лет
534;5863;15,4;1660;0,88;РефлешнСоверинг;Холмистое;Соверин;3,63;3,07;не вкусно;более_2_лет
535;6660;14,8;1764;0,93;Вис Бик Айдиал;Холмистое;Айдиал;3,72;3,079;не вкусно;более_2_лет
536;6756;16,2;1911;0,94;Вис Бик Айдиал;Холмистое;Айдиал;3,71;3,078;вкусно;более_2_лет
537;5446;14,1;1994;0,84;РефлешнСоверинг;Холмистое;Соверин;3,63;3,075;вкусно;менее_2_лет
538;5768;15,3;1974;0,89;РефлешнСоверинг;Равнинное;Соверин;3,63;3,075;вкусно;более_2_лет
539;5597;12,8;1903;0,88;Вис Бик Айдиал;Равнинное;Соверин;3,63;3,078;не вкусно;менее_2_лет
540;6280;15,8;2025;0,94;РефлешнСоверинг;Холмистое;Соверин;3,72;3,078;вкусно;более_2_лет
541;5823;14,4;1858;0,89;РефлешнСоверинг;Равнинное;Соверин;3,63;3,075;вкусно;более_2_лет
542;5671;12,1;1835;0,84;РефлешнСоверинг;Холмистое;Айдиал;3,33;3,075;не вкусно;более_2_лет
543;6670;14,5;1769;0,93;Вис Бик Айдиал;Холмистое;Айдиал;3,73;3,076;не вкусно;более_2_лет
544;6643;15,1;1910;0,94;РефлешнСоверинг;Холмистое;Айдиал;3,71;3,076;вкусно;более_2_лет
545;5380;12,4;1875;0,84;РефлешнСоверинг;Равнинное;Соверин;3,63;3,073;не вкусно;менее_2_лет
546;6536;14,6;1700;0,94;Вис Бик Айдиал;Равнинное;Айдиал;3,71;3,076;не вкусно;более_2_лет
547;6452;15,5;2330;0,95;Вис Бик Айдиал;Равнинное;Соверин;3,73;3,078;не вкусно;более_2_лет
548;6368;16,3;2117;0,93;Вис Бик Айдиал;Равнинное;Соверин;3,71;3,075;не вкусно;более_2_лет
549;6688;14,8;1727;0,93;Вис Бик Айдиал;Холмистое;Айдиал;3,72;3,074;не вкусно;более_2_лет
550;6844;16,3;2339;0,94;РефлешнСоверинг;Холмистое;Айдиал;3,71;3,08;вкусно;более_2_лет
551;6406;14,7;1979;0,94;РефлешнСоверинг;Равнинное;Айдиал;3,71;3,075;не вкусно;более_2_лет
552;5392;13,9;1800;0,86;РефлешнСоверинг;Холмистое;Соверин;3,63;3,076;вкусно;менее_2_лет
553;6508;14,8;2064;0,93;РефлешнСоверинг;Холмистое;Айдиал;3,63;3,07;не вкусно;более_2_лет
554;5467;12,2;1662;0,86;РефлешнСоверинг;Равнинное;Соверин;3,63;3,071;не вкусно;менее_2_лет
555;5686;14,7;1712;0,86;РефлешнСоверинг;Холмистое;Айдиал;3,01;3,074;вкусно;более_2_лет
556;6427;16,6;2125;0,94;РефлешнСоверинг;Холмистое;Соверин;3,71;3,076;вкусно;более_2_лет
557;6207;14,7;1700;0,93;Вис Бик Айдиал;Холмистое;Айдиал;3,63;3,076;не вкусно;более_2_лет
558;6214;13,9;1959;0,93;РефлешнСоверинг;Холмистое;Айдиал;3,63;3,078;не вкусно;более_2_лет
559;5346;12,4;1837;0,86;РефлешнСоверинг;Холмистое;Соверин;3,01;3,078;не вкусно;менее_2_лет
560;5764;13,8;2051;0,88;РефлешнСоверинг;Холмистое;Соверин;3,63;3,074;не вкусно;более_2_лет
561;6517;13,4;2199;0,94;РефлешнСоверинг;Равнинное;Соверин;3,73;3,075;не вкусно;более_2_лет
562;5300;13;1785;0,86;Вис Бик Айдиал;Равнинное;Соверин;2,99;3,077;не вкусно;менее_2_лет
563;5973;15,4;1707;0,89;РефлешнСоверинг;Равнинное;Соверин;3,63;3,074;вкусно;более_2_лет
564;7055;16,3;2177;0,95;Вис Бик Айдиал;Холмистое;Айдиал;3,73;3,078;вкусно;более_2_лет
565;5542;11,9;1662;0,84;Вис Бик Айдиал;Равнинное;Соверин;3,28;3,074;не вкусно;менее_2_лет
566;6799;16,1;1973;0,94;Вис Бик Айдиал;Равнинное;Айдиал;3,71;3,076;не вкусно;более_2_лет
567;6468;15,8;1746;0,94;Вис Бик Айдиал;Равнинное;Айдиал;3,73;3,077;вкусно;более_2_лет
568;6716;15,5;2142;0,94;Вис Бик Айдиал;Равнинное;Айдиал;3,73;3,077;не вкусно;более_2_лет
569;5989;13,2;1721;0,86;Вис Бик Айдиал;Холмистое;Соверин;2,99;3,076;вкусно;менее_2_лет
570;6819;16,5;2149;0,95;РефлешнСоверинг;Равнинное;Айдиал;3,73;3,076;вкусно;более_2_лет
571;6564;15,6;1936;0,94;РефлешнСоверинг;Равнинное;Соверин;3,73;3,073;не вкусно;более_2_лет
572;6271;15,6;2152;0,94;Вис Бик Айдиал;Холмистое;Соверин;3,73;3,078;вкусно;более_2_лет
573;6410;16,2;1762;0,94;РефлешнСоверинг;Холмистое;Соверин;3,72;3,075;вкусно;более_2_лет
574;6246;13,3;1754;0,93;РефлешнСоверинг;Холмистое;Айдиал;3,64;3,077;не вкусно;более_2_лет
575;6156;14,6;1955;0,94;РефлешнСоверинг;Холмистое;Соверин;3,73;3,077;вкусно;более_2_лет
576;6013;13,4;1900;0,94;Вис Бик Айдиал;Равнинное;Айдиал;3,64;3,078;не вкусно;более_2_лет
577;5376;11,7;1825;0,86;РефлешнСоверинг;Равнинное;Соверин;2,99;3,076;не вкусно;менее_2_лет
578;6248;15,3;1946;0,94;Вис Бик Айдиал;Равнинное;Айдиал;3,64;3,077;вкусно;более_2_лет
579;5235;12,2;1724;0,86;РефлешнСоверинг;Холмистое;Соверин;3,28;3,078;не вкусно;менее_2_лет
580;5469;11,9;1876;0,86;Вис Бик Айдиал;Холмистое;Соверин;3,64;3,076;вкусно;менее_2_лет
581;6097;15,5;2028;0,94;Вис Бик Айдиал;Холмистое;Соверин;3,71;3,075;вкусно;более_2_лет
582;5573;10,9;1955;0,84;Вис Бик Айдиал;Холмистое;Соверин;3,39;3,079;вкусно;менее_2_лет
583;5980;13,9;1776;0,88;Вис Бик Айдиал;Холмистое;Айдиал;3,64;3,076;вкусно;более_2_лет
584;5466;14,8;1673;0,88;Вис Бик Айдиал;Равнинное;Айдиал;3,28;3,078;вкусно;менее_2_лет
585;6530;16,7;2070;0,95;РефлешнСоверинг;Холмистое;Соверин;3,72;3,071;вкусно;более_2_лет
586;5751;13,5;1684;0,88;РефлешнСоверинг;Равнинное;Соверин;3,64;3,071;не вкусно;более_2_лет
587;5492;12,7;1669;0,88;Вис Бик Айдиал;Равнинное;Айдиал;3,38;3,079;не вкусно;менее_2_лет
588;5610;14,7;1671;0,88;Вис Бик Айдиал;Равнинное;Айдиал;3,18;3,079;не вкусно;более_2_лет
589;6334;16;1848;0,93;Вис Бик Айдиал;Холмистое;Соверин;3,73;3,078;не вкусно;более_2_лет
590;5213;12,1;2016;0,88;РефлешнСоверинг;Равнинные;Соверин;3,19;3,076;не вкусно;менее_2_лет
591;6081;15;1868;0,94;Вис Бик Айдиал;Холмистое;Айдиал;3,64;3,08;вкусно;более_2_лет
592;5520;11,9;1785;0,88;Вис Бик Айдиал;Равнинное;Соверин;3,12;3,073;не вкусно;менее_2_лет
593;6512;16,4;1930;0,94;РефлешнСоверинг;Холмистое;Соверин;3,71;3,073;вкусно;более_2_лет
594;7174;16,7;2318;0,95;РефлешнСоверинг;Холмистое;Айдиал;3,72;3,074;вкусно;более_2_лет
595;6053;13,8;1753;0,93;РефлешнСоверинг;Равнинное;Айдиал;3,64;3,074;вкусно;более_2_лет
596;5544;13,5;2033;0,89;Вис Бик Айдиал;Холмистое;Соверин;3,64;3,079;вкусно;менее_2_лет
597;6221;16,4;1947;0,95;Вис Бик Айдиал;Равнинное;Соверин;3,72;3,078;вкусно;более_2_лет
598;5844;15,5;1872;0,89;Вис Бик Айдиал;Холмистое;Соверин;3,64;3,079;вкусно;более_2_лет
599;6584;16,4;2309;0,94;РефлешнСоверинг;Холмистое;Соверин;3,72;3,076;вкусно;более_2_лет
600;6968;16,4;2041;0,95;РефлешнСоверинг;Холмистое;Айдиал;3,71;3,075;вкусно;более_2_лет
601;6229;15,6;2133;0,94;РефлешнСоверинг;Холмистое;Соверин;3,72;3,075;вкусно;более_2_лет
602;6188;13,7;1744;0,94;Вис Бик Айдиал;Холмистое;Айдиал;3,64;3,079;вкусно;более_2_лет
603;5594;12,3;1742;0,88;Вис Бик Айдиал;Равнинное;Айдиал;3,11;3,077;вкусно;менее_2_лет
604;6289;13,4;1899;0,94;Вис Бик Айдиал;Равнинное;Айдиал;3,73;3,076;вкусно;более_2_лет
605;6269;15,9;1918;0,94;РефлешнСоверинг;Холмистое;Соверин;3,71;3,076;вкусно;более_2_лет
606;6341;15,7;1923;0,94;РефлешнСоверинг;Холмистое;Соверин;3,73;3,078;вкусно;более_2_лет
607;6836;15,8;2015;0,93;РефлешнСоверинг;Холмистое;Айдиал;3,7;3,073;не вкусно;более_2_лет
608;5639;13,4;1668;0,88;Вис Бик Айдиал;Холмистое;Соверин;3,64;3,078;не вкусно;более_2_лет
609;6405;15,6;1787;0,93;Вис Бик Айдиал;Холмистое;Соверин;3,73;3,077;не вкусно;более_2_лет
610;5439;13,5;1702;0,88;Вис Бик Айдиал;Равнинное;Айдиал;3,55;3,074;не вкусно;менее_2_лет
611;6480;16,4;2130;0,94;РефлешнСоверинг;Холмистое;Соверин;3,71;3,074;вкусно;более_2_лет
612;5788;13,4;1914;0,89;Вис Бик Айдиал;Холмистое;Соверин;3,64;3,078;вкусно;более_2_лет
613;6139;14,6;1967;0,94;Вис Бик Айдиал;Равнинное;Айдиал;3,64;3,08;вкусно;более_2_лет
614;6080;14,5;1826;0,94;РефлешнСоверинг;Равнинное;Соверин;3,71;3,072;не вкусно;более_2_лет
615;5741;12,9;1749;0,88;РефлешнСоверинг;Холмистое;Айдиал;3,44;3,076;вкусно;более_2_лет
616;6805;14,9;1863;0,93;РефлешнСоверинг;Холмистое;Айдиал;3,71;3,077;не вкусно;более_2_лет
617;7052;15,8;1847;0,93;РефлешнСоверинг;Холмистое;Айдиал;3,72;3,076;не вкусно;более_2_лет
618;6395;14,4;2121;0,93;Вис Бик Айдиал;Холмистое;Айдиал;3,64;3,074;не вкусно;более_2_лет
619;6692;15,8;2028;0,94;Вис Бик Айдиал;Равнинное;Айдиал;3,73;3,079;вкусно;более_2_лет
620;6211;14,2;1743;0,93;РефлешнСоверинг;Равнинное;Соверин;3,72;3,073;не вкусно;более_2_лет
621;6813;14,5;1712;0,96;РефлешнСоверинг;Равнинное;Айдиал;3,72;3,075;вкусно;более_2_лет
622;6201;14,3;1840;0,94;Вис Бик Айдиал;Равнинное;Айдиал;3,64;3,08;не вкусно;более_2_лет
623;6357;14,2;1701;0,93;РефлешнСоверинг;Холмистое;Соверин;3,33;3,076;не вкусно;более_2_лет
624;5928;13,6;1832;0,88;РефлешнСоверинг;Холмистое;Соверин;3,64;3,077;не вкусно;более_2_лет
625;6812;15,4;1964;0,94;РефлешнСоверинг;Равнинное;Айдиал;3,74;3,075;не вкусно;более_2_лет
626;5513;12,9;1700;0,88;РефлешнСоверинг;Равнинное;Соверин;3,64;3,073;вкусно;менее_2_лет
627;5970;14,4;1837;0,88;РефлешнСоверинг;Холмистое;Соверин;3,64;3,075;не вкусно;более_2_лет
628;5746;13,8;1994;0,89;РефлешнСоверинг;Равнинное;Соверин;3,64;3,077;вкусно;более_2_лет
629;6503;16,2;2283;0,94;Вис Бик Айдиал;Холмистое;Соверин;3,71;3,076;вкусно;более_2_лет
627;5970;14,4;1837;0,88;РефлешнСоверинг;Холмистое;Соверин;3,64;3,075;не вкусно;более_2_лет
627;5970;14,4;1837;0,88;РефлешнСоверинг;Холмистое;Соверин;3,64;3,075;не вкусно;более_2_лет
627;5970;14,4;1837;0,88;РефлешнСоверинг;Холмистое;Соверин;3,64;3,075;не вкусно;более_2_лет
627;5970;14,4;1837;0,88;РефлешнСоверинг;Холмистое;Соверин;3,64;3,075;не вкусно;более_2_лет
627;5970;14,4;1837;0,88;РефлешнСоверинг;Холмистое;Соверин;3,64;3,075;не вкусно;более_2_лет
